id;title;content;publish_date
1;niches Small;Compatible Pa'anga hack;2020-12-09
2;Directives;FijiXXXXXXXXXXXXXXXX;2020-12-09
3;methodologies virtual Ergonomic Steel Table;world-classXXXXXXXXX;2020-12-09
4;maximize;array card North Korean Won;2020-12-09
5;Bacon generate Generic Cotton Keyboard;Platinum Electronics;2020-12-09
6;Tasty Rubber Sausages backing up Personal Loan Account;QualityXXXXXXXXXXXXX;2020-12-09
7;pixel Investment Account;overrideXXXXXXXXXXXX;2020-12-09
8;pink;infomediaries infrastructures;2020-12-09
9;withdrawal Small Soft Computer;Reverse-engineered Checking Account;2020-12-09
10;olive Unbranded Cotton Cheese cross-platform;Cross-platformXXXXXX;2020-12-09
