id;date;id_payment;currency;amount;email;name;status
1;2019-03-11T18:06:50;Refined Rubber Bacon platforms;Markets;10350;Delphia.Zieme@gmail.com;Borders;Mobility Cambridgeshire
2;2019-03-12T00:33:56;Table Manager Fish;Legacy Architect Principal;61979;Conner92@hotmail.com;Applications;Arizona Practical calculating
3;2019-03-12T08:01:06;engage Soft Beauty;channels modular multi-byte;10536;Jewel73@gmail.com;Frozen Practical;out-of-the-box Somali Shilling
4;2019-03-12T04:35:33;Handcrafted Soft Shoes;array plug-and-play;30537;Andreane_Ferry@gmail.com;Directives Shoals copy;Venezuela Facilitator
5;2019-03-12T04:45:32;Functionality matrix Senior;Marketing bandwidth;33611;Mercedes.Shields63@yahoo.com;input application Incredible Rubber Car;Plastic
6;2019-03-12T08:46:16;hacking;Innovative;3039;Stefanie_Shields@yahoo.com;Mouse white;Home input
7;2019-03-12T01:44:19;purple cross-platform Branding;bandwidth Adaptive Shoes;88712;Nikita_Kovacek27@hotmail.com;online redundant Manager;clicks-and-mortar
8;2019-03-12T12:04:03;virtual Somali Shilling;Personal Loan Account benchmark;64031;Viviane83@gmail.com;Money Market Account monetize;Handcrafted Fresh Soap calculate hack
9;2019-03-12T06:01:24;Representative Jewelery;virtual;11364;Shanelle.Dickens83@yahoo.com;Chief Granite plug-and-play;drive responsive Home
10;2019-03-12T06:07:44;driver lavender;interactive;65788;Irving99@gmail.com;Cambridgeshire;Auto Loan Account hacking Human
